"id","marque","nom","puissance","longueur","nbplaces","nbportes","couleur"
0,AUDI,A2 1.4,75,courte,5,5,gris
2,RENAULT,Espace 2.0T,165,longue,7,5,noir
4,HONDA,FR-V 1.7,125,longue,7,5,gris
6,PEUGEOT,"1007 1.4",75,courte,5,5,blanc
8,RENAULT,Laguna 2.0T,170,longue,5,5,noir
10,FORD,Mondeo 1.8,125,longue,5,5,noir
12,RENAULT,Laguna 2.0T,170,longue,5,5,bleu
14,KIA,Picanto 1.1,65,courte,5,5,gris
16,FIAT,Croma 2.2,147,longue,5,5,rouge
18,PEUGEOT,"1007 1.4",75,courte,5,5,noir
20,FIAT,Croma 2.2,147,longue,5,5,blanc
22,NISSAN,Almera 1.8,115,moyenne,5,5,noir
24,RENAULT,Megane 2.0 16V,135,moyenne,5,5,rouge
26,VOLKSWAGEN,New Beatle 1.8,110,moyenne,5,5,gris
28,VOLKSWAGEN,Touran 2.0 FSI,150,longue,7,5,gris
30,SKODA,Superb 2.8 V6,193,très longue,5,5,noir
32,BMW,"120i",150,moyenne,5,5,blanc
34,HYUNDAI,Matrix 1.6,103,longue,7,5,gris
36,NISSAN,Primera 1.6,109,longue,5,5,gris
38,JAGUAR,X-Type 2.5 V6,197,longue,5,5,noir
40,DACIA,Logan 1.6 MPI,90,moyenne,5,5,blanc
42,SEAT,Toledo 1.6,102,longue,5,5,rouge
44,VOLKSWAGEN,Polo 1.2 6V,55,courte,5,3,rouge
46,NISSAN,Maxima 3.0 V6,200,très longue,5,5,blanc
48,NISSAN,Maxima 3.0 V6,200,très longue,5,5,rouge
50,DACIA,Logan 1.6 MPI,90,moyenne,5,5,noir
52,JAGUAR,X-Type 2.5 V6,197,longue,5,5,bleu
54,FORD,Mondeo 1.8,125,longue,5,5,rouge
56,JAGUAR,X-Type 2.5 V6,197,longue,5,5,rouge
58,FORD,Mondeo 1.8,125,longue,5,5,blanc
60,VOLVO,S80 T6,272,très longue,5,5,gris
62,NISSAN,Almera 1.8,115,moyenne,5,5,rouge
64,MERCEDES,S500,306,très longue,5,5,rouge
66,DACIA,Logan 1.6 MPI,90,moyenne,5,5,rouge
68,VOLKSWAGEN,Polo 1.2 6V,55,courte,5,3,bleu
70,VOLKSWAGEN,Golf 2.0 FSI,150,moyenne,5,5,gris
72,DACIA,Logan 1.6 MPI,90,moyenne,5,5,bleu
74,AUDI,A3 2.0 FSI,150,moyenne,5,5,gris
76,SKODA,Superb 2.8 V6,193,très longue,5,5,bleu
78,SAAB,"9.3 1.8T",150,longue,5,5,gris
80,NISSAN,Maxima 3.0 V6,200,très longue,5,5,noir
82,RENAULT,Megane 2.0 16V,135,moyenne,5,5,bleu
84,PEUGEOT,"1007 1.4",75,courte,5,5,rouge
86,MINI,Copper 1.6 16V,115,courte,5,5,noir
88,BMW,"120i",150,moyenne,5,5,noir
90,FIAT,Croma 2.2,147,longue,5,5,noir
92,DAIHATSU,Cuore 1.0,58,courte,5,3,gris
94,NISSAN,Almera 1.8,115,moyenne,5,5,blanc
96,SKODA,Superb 2.8 V6,193,très longue,5,5,rouge
98,MINI,Copper 1.6 16V,115,courte,5,5,bleu
100,BMW,"120i",150,moyenne,5,5,bleu
102,SEAT,Toledo 1.6,102,longue,5,5,bleu
104,FIAT,Croma 2.2,147,longue,5,5,bleu
106,RENAULT,Espace 2.0T,165,longue,7,5,rouge
108,SEAT,Toledo 1.6,102,longue,5,5,noir
110,FORD,Mondeo 1.8,125,longue,5,5,bleu
112,BMW,"120i",150,moyenne,5,5,rouge
114,RENAULT,Megane 2.0 16V,135,moyenne,5,5,noir
116,LANCIA,Ypsilon 1.4 16V,90,courte,5,3,gris
118,PEUGEOT,"1007 1.4",75,courte,5,5,bleu
120,VOLKSWAGEN,Polo 1.2 6V,55,courte,5,3,noir
122,RENAULT,Laguna 2.0T,170,longue,5,5,blanc
124,BMW,M5,507,très longue,5,5,gris
126,MERCEDES,A200,136,moyenne,5,5,gris
128,MERCEDES,S500,306,très longue,5,5,noir
130,JAGUAR,X-Type 2.5 V6,197,longue,5,5,blanc
132,MINI,Copper 1.6 16V,115,courte,5,5,blanc
134,MINI,Copper 1.6 16V,115,courte,5,5,rouge
136,NISSAN,Almera 1.8,115,moyenne,5,5,bleu
138,RENAULT,Espace 2.0T,165,longue,7,5,bleu
140,SEAT,Toledo 1.6,102,longue,5,5,blanc
142,RENAULT,Megane 2.0 16V,135,moyenne,5,5,blanc
144,VOLKSWAGEN,Polo 1.2 6V,55,courte,5,3,blanc
146,NISSAN,Maxima 3.0 V6,200,très longue,5,5,bleu
148,MERCEDES,S500,306,très longue,5,5,bleu
150,RENAULT,Espace 2.0T,165,longue,7,5,blanc
152,MERCEDES,S500,306,très longue,5,5,blanc
154,SKODA,Superb 2.8 V6,193,très longue,5,5,blanc
156,RENAULT,Laguna 2.0T,170,longue,5,5,rouge
158,RENAULT,Vel Satis 3.5 V6,245,très longue,5,5,gris
1,JAGUAR,X-Type 2.5 V6,197,longue,5,5,gris
3,RENAULT,Vel Satis 3.5 V6,245,très longue,5,5,noir
5,VOLVO,S80 T6,272,très longue,5,5,blanc
7,AUDI,A2 1.4,75,courte,5,5,bleu
9,MERCEDES,A200,136,moyenne,5,5,blanc
11,HYUNDAI,Matrix 1.6,103,longue,7,5,noir
13,MERCEDES,S500,306,très longue,5,5,gris
15,VOLKSWAGEN,Golf 2.0 FSI,150,moyenne,5,5,noir
17,HONDA,FR-V 1.7,125,longue,7,5,noir
19,NISSAN,Primera 1.6,109,longue,5,5,rouge
21,FIAT,Croma 2.2,147,longue,5,5,gris
23,VOLKSWAGEN,Touran 2.0 FSI,150,longue,7,5,noir
25,BMW,M5,507,très longue,5,5,rouge
27,BMW,M5,507,très longue,5,5,blanc
29,SAAB,"9.3 1.8T",150,longue,5,5,noir
31,HYUNDAI,Matrix 1.6,103,longue,7,5,bleu
33,MINI,Copper 1.6 16V,115,courte,5,5,gris
35,RENAULT,Laguna 2.0T,170,longue,5,5,gris
37,HONDA,FR-V 1.7,125,longue,7,5,bleu
39,DAIHATSU,Cuore 1.0,58,courte,5,3,blanc
41,BMW,M5,507,très longue,5,5,bleu
43,DAIHATSU,Cuore 1.0,58,courte,5,3,noir
45,AUDI,A3 2.0 FSI,150,moyenne,5,5,rouge
47,KIA,Picanto 1.1,65,courte,5,5,noir
49,KIA,Picanto 1.1,65,courte,5,5,rouge
51,LANCIA,Ypsilon 1.4 16V,90,courte,5,3,rouge
53,DAIHATSU,Cuore 1.0,58,courte,5,3,rouge
55,VOLKSWAGEN,New Beatle 1.8,110,moyenne,5,5,blanc
57,AUDI,A3 2.0 FSI,150,moyenne,5,5,blanc
59,VOLVO,S80 T6,272,très longue,5,5,rouge
61,VOLKSWAGEN,New Beatle 1.8,110,moyenne,5,5,bleu
63,SAAB,"9.3 1.8T",150,longue,5,5,blanc
65,AUDI,A2 1.4,75,courte,5,5,noir
67,SAAB,"9.3 1.8T",150,longue,5,5,bleu
69,RENAULT,Espace 2.0T,165,longue,7,5,gris
71,MERCEDES,A200,136,moyenne,5,5,bleu
73,MERCEDES,A200,136,moyenne,5,5,noir
75,BMW,M5,507,très longue,5,5,noir
77,DACIA,Logan 1.6 MPI,90,moyenne,5,5,gris
79,VOLVO,S80 T6,272,très longue,5,5,bleu
81,PEUGEOT,"1007 1.4",75,courte,5,5,gris
83,AUDI,A2 1.4,75,courte,5,5,rouge
85,VOLKSWAGEN,Touran 2.0 FSI,150,longue,7,5,blanc
87,AUDI,A3 2.0 FSI,150,moyenne,5,5,noir
89,LANCIA,Ypsilon 1.4 16V,90,courte,5,3,bleu
91,RENAULT,Vel Satis 3.5 V6,245,très longue,5,5,bleu
93,SKODA,Superb 2.8 V6,193,très longue,5,5,gris
95,VOLKSWAGEN,New Beatle 1.8,110,moyenne,5,5,noir
97,KIA,Picanto 1.1,65,courte,5,5,blanc
99,SAAB,"9.3 1.8T",150,longue,5,5,rouge
101,VOLKSWAGEN,Touran 2.0 FSI,150,longue,7,5,bleu
103,RENAULT,Vel Satis 3.5 V6,245,très longue,5,5,blanc
105,VOLKSWAGEN,New Beatle 1.8,110,moyenne,5,5,rouge
107,NISSAN,Primera 1.6,109,longue,5,5,blanc
109,MERCEDES,A200,136,moyenne,5,5,rouge
111,RENAULT,Megane 2.0 16V,135,moyenne,5,5,gris
113,HONDA,FR-V 1.7,125,longue,7,5,blanc
115,FORD,Mondeo 1.8,125,longue,5,5,gris
117,RENAULT,Vel Satis 3.5 V6,245,très longue,5,5,rouge
119,VOLKSWAGEN,Touran 2.0 FSI,150,longue,7,5,rouge
121,NISSAN,Primera 1.6,109,longue,5,5,noir
123,NISSAN,Maxima 3.0 V6,200,très longue,5,5,gris
125,HONDA,FR-V 1.7,125,longue,7,5,rouge
127,VOLVO,S80 T6,272,très longue,5,5,noir
129,VOLKSWAGEN,Polo 1.2 6V,55,courte,5,3,gris
131,HYUNDAI,Matrix 1.6,103,longue,7,5,blanc
133,LANCIA,Ypsilon 1.4 16V,90,courte,5,3,noir
135,AUDI,A3 2.0 FSI,150,moyenne,5,5,bleu
137,VOLKSWAGEN,Golf 2.0 FSI,150,moyenne,5,5,bleu
139,SEAT,Toledo 1.6,102,longue,5,5,gris
141,LANCIA,Ypsilon 1.4 16V,90,courte,5,3,blanc
143,NISSAN,Primera 1.6,109,longue,5,5,bleu
145,DAIHATSU,Cuore 1.0,58,courte,5,3,bleu
147,BMW,"120i",150,moyenne,5,5,gris
149,VOLKSWAGEN,Golf 2.0 FSI,150,moyenne,5,5,rouge
151,AUDI,A2 1.4,75,courte,5,5,blanc
153,VOLKSWAGEN,Golf 2.0 FSI,150,moyenne,5,5,blanc
155,HYUNDAI,Matrix 1.6,103,longue,7,5,rouge
157,KIA,Picanto 1.1,65,courte,5,5,bleu
159,NISSAN,Almera 1.8,115,moyenne,5,5,gris
